,title,release_year
0,Luccas Neto em: Acampamento de Férias 2,2020
1,Luccas Neto in: Children's Day (Luccas Neto em: Dia das Crianças),2019
2,Luccas Neto in: Summer Camp (Luccas Neto em: Acampamento de Férias),2019
3,Spirited Away,2001
4,Natsamrat - Asa Nat Hone Nahi,2016
5,The Lord of the Rings: The Return of the King,2003
6,Virunga,2014
7,GoodFellas,1990
8,Hannah Gadsby: Nanette,2018
9,Springsteen on Broadway,2018
10,Bo Burnham: Make Happy,2016
11,The Lord of the Rings: The Two Towers,2002
12,Vertigo,1958
13,The Wizard of Oz,1939
14,Apollo 11,2019
15,Faces Places,2017
16,Monty Python and the Holy Grail,1975
17,Won't You Be My Neighbor?,2018
18,Andhadhun,2018
19,Bill Burr: I'm Sorry You Feel That Way,2014
20,Chasing Coral,2017
21,Marriage Story,2019
22,12 Years a Slave,2013
23,Your Name (Kimi no na wa),2016
24,John Mulaney: Kid Gorgeous at Radio City,2018
25,Wallace and Gromit: The Wrong Trousers,1993
26,Spotlight,2015
27,The Irishman,2019
28,Silence of the Lambs,1991
29,The Dawn Wall,2017
30,13TH,2016
31,John Mulaney: The Comeback Kid,2015
32,La La Land,2016
33,The Pianist,2002
34,Rush: Beyond the Lighted Stage,2010
35,Love and Death,1975
36,The Square,2014
37,Bill Hicks: Relentless,1992
38,Bill Hicks: Revelations,1993
39,McQueen,2018
40,Monty Python's Flying Circus,1974
41,Blackfish,2013
42,My Neighbor Totoro,1988
43,HOMECOMING: A film by Beyoncé,2019
44,My Hero Academia: Two Heroes,2018
45,Wallace and Gromit: A Close Shave,1995
46,The Great Escape,1963
47,The King's Speech,2010
48,Dunkirk,2017
49,Lady Bird,2017
50,Neal Brennan: 3 Mics,2017
51,Only Yesterday,1991
52,Taare Zameen Par (Like Stars on Earth),2007
53,The Tale of The Princess Kaguya,2013
54,Winter on Fire,2015
55,Cuba and the Cameraman,2017
56,Boyhood,2014
57,Shirkers,2018
58,SKY Castle,2018
59,Dangal,2016
60,Operation Odessa,2018
61,Mike Birbiglia: My Girlfriend's Boyfriend,2013
62,How to Train Your Dragon,2010
63,ANIMA,2019
64,The End of Evangelion,1997
65,No Country for Old Men,2007
66,Scissor Seven,2020
67,Wallace and Gromit: A Grand Day Out,1989
68,The White Helmets,2016
69,Bobby Robson: More Than a Manager,2018
70,Jim Gaffigan: Noble Ape,2018
71,Louis C.K.: Hilarious,2010
72,The Terminator,1984
73,Castle in the Sky,1986
74,Derry Girls,2018
75,I Called Him Morgan,2016
76,Jim Gaffigan: Obsessed,2014
77,Mean Streets,1973
78,Mr. Bean,1990
79,Ponyo,2008
80,Rolling Thunder Revue: A Bob Dylan Story by Martin Scorsese,2019
81,"The School of Mischief  (
School of the Rioters)",1973
82,Secret Superstar,2017
83,Sense and Sensibility,1995
84,Still Game,2017
85,Uncut Gems,2020
86,Welcome to Waikiki (Eulachacha Waikiki),2018
87,Leave No Trace,2018
88,Richard Pryor: Live in Concert,1979
89,Team Foxcatcher,2016
90,Whisper of the Heart,1995
91,Last Breath,2019
92,Enter the Dragon,1973
93,The Little Prince,2015
94,Contratiempo,2016
95,Pink,2016
96,Moneyball,2011
97,Ali Wong: Hard Knock Wife,2018
98,Baahubali 2: The Conclusion (Hindi Version),2017
99,Baahubali 2: The Conclusion (Malayalam Version),2017
100,Baahubali 2: The Conclusion (Tamil Version),2017
101,Baahubali: The Beginning (English Version),2015
102,Baahubali: The Beginning (Hindi Version),2015
103,Baahubali: The Beginning (Malayalam Version),2015
104,Baahubali: The Beginning (Tamil Version),2015
105,Bill Burr: You People Are All the Same,2012
106,End Game,2018
107,I'm Alan Partridge,2002
108,A Quiet Place,2018
109,Eagles of Death Metal: Nos Amis (Our Friends),2017
110,A Silent Voice,2016
111,Arrietty,2010
112,Aziz Ansari: Buried Alive,2013
113,Barfi!,2012
114,Bo Burnham: what.,2013
115,Dance Academy: The Comeback,2017
116,Eddie Murphy: Delirious,1983
117,The End of the F***ing World,2017
118,Harold and Lillian: A Hollywood Love Story,2015
119,"Hi Bye, Mama!",2020
120,"Jim & Andy: The Great Beyond - Featuring a Very Special, Contractually Obligated Mention of Tony Clifton",2017
121,"Norm Macdonald: Hitler's Dog, Gossip & Trickery",2017
122,Patton Oswalt: Annihilation,2017
123,Penn & Teller,2015
124,Prison Playbook,2017
125,Sairat,2016
126,Time Out,2018
127,Top Gear,2019
128,Nightcrawler,2014
129,Wadjda,2012
130,"What Happened, Miss Simone?",2015
131,Elena,2012
132,The Accountant of Auschwitz,2018
133,Bill Burr: Paper Tiger,2019
134,Doctor Who,2017
135,Grass Is Greener,2019
136,Kingdom of Us,2017
137,The Legend of 420,2017
138,National Parks Adventure,2016
139,Super Deluxe,2019
140,The Woman in the Window,1944
141,Aquarius,2016
142,Children of Men,2006
143,The Fighter,2010
144,Infernal Affairs (Mou gaan dou),2004
145,Inglourious Basterds,2009
146,Sky Ladder: The Art of Cai Guo-Qiang,2016
147,True Grit,2010
148,The Wind Rises,2013
149,Knock Down The House,2019
150,Being John Malkovich,1999
151,Boyz n the Hood,1991
152,Funny Girl,1968
153,Gone Girl,2014
154,Howards End,1992
155,Warrior,2011
156,West Side Story,1961
157,Bill Hicks: Sane Man,1989
158,Heroin(e),2017
159,Iron Fists and Kung-Fu Kicks,2019
160,Jane,2017
161,Miranda,2013
162,Period. End of Sentence.,2018
163,What's Up?,2006
164,LA 92,2017
165,Mission Blue,2014
166,Lost in Translation,2003
167,Alive and Kicking,2016
168,Blindspotting,2018
169,Dear Ex,2018
170,Fireplace 4K: Crackling Birchwood from Fireplace for Your Home,2015
171,Hasan Minhaj: Homecoming King,2017
172,"Houston, We Have a Problem!",2016
173,Jerry Seinfeld: I'm Telling You for the Last Time,1999
174,One in a Billion,2016
175,Palm Trees in the Snow,2015
176,The Stranger,1946
177,Struggle: The Life and Lost Art of Szukalski,2018
178,Tom Segura: Ball Hog,2020
179,Uyare,2019
180,Wanda Sykes: Not Normal,2019
181,Best Worst Thing That Ever Could Have Happened,2016
182,The Ivory Game,2016
183,Wallace & Gromit: The Curse of the Were-Rabbit,2005
184,Weiner,2016
185,Ask Dr. Ruth,2019
186,Big Night,1996
187,First Reformed,2017
188,Midnight Run,1988
189,When Marnie Was There,2014
190,A Grand Night In: The Story of Aardman,2015
191,ADAM SANDLER 100% FRESH,2018
192,Haider,2014
193,Interrogation,2015
194,Kiki's Delivery Service,1989
195,Sarah Silverman: A Speck of Dust,2017
196,Saving Capitalism,2017
197,Sebastian Maniscalco: What's Wrong with People?,2012
198,Sergio,2009
199,Ten Years,2015
200,Rush,2013
201,The Death and Life of Marsha P. Johnson,2017
202,Diana: In Her Own Words,2017
203,Dogtown and Z-Boys,2001
204,Good Manager (Chief Kim),2017
205,Good Time,2017
206,Icarus,2017
207,Justin Timberlake + the Tennessee Kids,2016
208,Mercury 13,2018
209,Private Life,2018
210,"Swades: We, the People (Swades)",2004
211,Ex Machina,2015
212,Groundhog Day,1993
213,Louis C.K.: Live at the Comedy Store,2015
214,Love Off the Cuff,2017
215,Tyke Elephant Outlaw,2015
216,Dolemite Is My Name,2019
217,RBG,2018
218,Being Elmo: A Puppeteer's Journey,2011
219,The Big Short,2015
220,District 9,2009
221,Misery,1990
222,A Plastic Ocean,2016
223,Atlantics,2019
224,The Beast Stalker (Ching yan),2008
225,The Bleeding Edge,2018
226,"Chinese Odyssey (Part II), A (A Chinese Odyssey Part Two: Cinderella)",1995
227,Hail Satan?,2019
228,"I, Tonya",2017
229,Kajaki: The True Story,2014
230,Midnight Cowboy,1969
231,National Bird,2016
232,NOVA: Black Hole Apocalypse,2018
233,"Oh, Hello On Broadway",2017
234,Outnumbered,2014
235,Sarvam Thaala Mayam (Tamil Version),2018
236,Sarvam Thaala Mayam (Telugu Version),2018
237,Steve Martin and Martin Short: An Evening You Will Forget for the Rest of Your Life,2018
238,Strong Island,2017
239,The Two Popes,2019
240,Wonder Woman,2017
241,The Perks of Being a Wallflower,2012
242,The Ballad of Buster Scruggs,2018
243,The Edge of Seventeen,2016
244,Mountain,2017
245,Shadow,2018
246,Extras,2006
247,Fresh Meat,2016
248,Jerry Before Seinfeld,2017
249,Jim Jefferies : BARE,2014
250,Layla M.,2016
251,Miss Representation,2011
252,Rang De Basanti,2006
253,Trailer Park Boys: Say Goodnight to the Bad Guys,2010
254,Looper,2012
255,Lupin the 3rd: The Castle of Cagliostro: Special Edition,1979
256,Angamaly Diaries,2017
257,Anthony Jeselnik: Thoughts and Prayers,2015
258,Circus of Books,2020
259,Holding the Man,2015
260,Lion,2016
261,Mike Birbiglia: Thank God for Jokes,2017
262,Thunder Road,2018
263,Udta Punjab,2016
264,Wish Man,2019
265,Wolf,2018
266,Birdman or (The Unexpected Virtue of Ignorance),2014
267,Blue Velvet,1986
268,The Breakfast Club,1985
269,Straight Outta Compton,2015
270,The Town,2010
271,When Harry Met Sally,1989
272,Aziz Ansari: RIGHT NOW,2019
273,Birds of Passage,2018
274,Crip Camp: A Disability Revolution,2020
275,Daft Punk Unchained,2015
276,Jim Gaffigan: Beyond the Pale,2005
277,Kevin Hart: I'm a Grown Little Man,2009
278,PK,2014
279,Captain Fantastic,2016
280,Dhanak,2015
281,The Disaster Artist,2017
282,The Fear of 13,2015
283,Hulk Vs.,2009
284,The Post,2017
285,Skins,2013
286,50/50,2011
287,A Royal Affair (En kongelig affære),2012
288,A Secret Love,2020
289,Boruto: Naruto the Movie,2015
290,Fireplace 4K: Classic Crackling Fireplace from Fireplace for Your Home,2015
291,Gabriel lglesias: I'm Sorry For What I Said When I Was Hungry,2016
292,Jim Gaffigan: King Baby,2009
293,Judah Friedlander: America Is the Greatest Country in the United States,2017
294,One of Us,2017
295,Paan Singh Tomar,2010
296,Pad Man,2018
297,Pick of the Litter,2018
298,Sudani from Nigeria,2018
299,Tom Segura: Completely Normal,2014
300,Tom Segura: Mostly Stories,2016
301,Victorious,2013
302,Violet Evergarden: Eternity and the Auto Memory Doll,2019
303,The Raid 2,2014
304,Superbad,2007
305,The Black Godfather,2019
306,The Boy Who Harnessed the Wind,2019
307,John Wick: Chapter 3 - Parabellum,2019
308,Monos,2019
309,Bad Education,2014
310,I Am Kalam,2010
311,Kevin Hart: Irresponsible,2019
312,Kevin Hart: Seriously Funny,2010
313,Rory Scovel Tries Stand-Up for the First Time,2017
314,Inside Man,2006
315,"Life, Animated",2016
316,Mission: Impossible - Ghost Protocol,2011
317,And Breathe Normally,2018
318,Golden Time,2013
319,Kahaani,2012
320,On My Skin,2018
321,One Day,2016
322,Posesif,2017
323,Ragnarok,2020
324,A Shot in the Dark,1964
325,The Raid (Serbuan Maut),2011
326,The 36th Chamber Of Shaolin,1978
327,Andaz Apna Apna,1994
328,In This Corner of the World,2016
329,Jim Gaffigan: Mr. Universe,2012
330,Trixie Mattel: Moving Parts,2019
331,Dragon Ball Z: Battle of Gods,2013
332,Joan Didion: The Center Will Not Hold,2017
333,Joshua: Teenager vs. Superpower,2017
334,"The Night Is Short, Walk On Girl",2017
335,Oasis: Supersonic,2016
336,Okja,2017
337,Seeing Allred,2018
338,Wildlife,2018
339,Divines,2016
340,Absolutely Fabulous,2012
341,Alexa & Katie,2019
342,APEX: The Story of the Hypercar,2016
343,Black Adder's A Christmas Carol,1988
344,Blue Ruin,2013
345,The Burial of Kojo,2018
346,Chelsea Peretti: One of the Greats,2014
347,Chris Rock: Tamborine,2018
348,The Cruise,1970
349,Dragon Ball Z: Resurrection 'F',2015
350,Flowers,2018
351,The Force,2017
352,FYRE: The Greatest Party That Never Happened,2019
353,The Guilty (Den Skyldige),2018
354,The Impossible,2012
355,Jim Jefferies: Freedumb,2016
356,Kita Kita (I See You),2017
357,Kuch Kuch Hota Hai,1998
358,Menace II Society,1993
359,Mersal,2017
360,Prisoners,2013
361,The Rainbow Troops (Laskar Pelangi),2008
362,"Ruben Brandt, Collector",2018
363,The Theory of Everything,2014
364,Udaan,2010
365,What's Up With Love? (Ada Apa dengan Cinta?),2002
366,The Young Offenders,2016
367,Grease: Live,2016
368,Pom Poko,1994
369,Steve Jobs,2015
370,Tig,2015
371,Fastest,2011
372,Ittefaq,2017
373,Klaus,2019
374,My Happy Family,2017
375,Only Fools and Horses,2003
376,Only You,2018
377,The Other One: The Long Strange Trip of Bob Weir,2015
378,Pee-wee's Playhouse,1990
379,The Hangover,2009
380,Into the Inferno,2016
381,The Revenant,2015
382,A Twelve Year Night (La noche de 12 años),2018
383,A Wednesday,2008
384,An Inspector Calls,2015
385,Bad Seeds,2018
386,Bawarchi,1972
387,Darkest Hour,2017
388,Forgotten,2017
389,From Up on Poppy Hill,2011
390,I'm No Longer Here (Ya no estoy aqui),2019
391,The Interview,1998
392,Khosla Ka Ghosla,2006
393,The Last: Naruto the Movie,2014
394,Monty Python: Live at The Hollywood Bowl,1982
395,No Game No Life: Zero,2017
396,Olmo & the Seagull,2014
397,Reversing Roe,2018
398,Sebastian Maniscalco: Why Would You Do That,2016
399,Sometimes,2016
400,Trevor Noah: Afraid of the Dark,2017
401,True Romance,1993
402,You Were Never Really Here,2017
403,Audrie & Daisy,2016
404,Radio Days,1987
405,Ray,2004
406,Beats,2019
407,Dead Set,2008
408,Derek,2015
409,The Garden of Words,2013
410,Ghost Whispers,2013
411,Inside No.9,2018
412,My Days of Mercy,2017
413,Project Mc²,2017
414,Qarib Qarib Singlle,2017
415,Quién te cantará,2018
416,Sunday's Illness (La enfermedad del domingo),2017
417,Aziz Ansari Live at Madison Square Garden,2015
418,The B-Side: Elsa Dorfman's Portrait Photography,2016
419,El Camino: A Breaking Bad Movie,2019
420,First They Killed My Father,2017
421,Dilan 1990,2018
422,The Distinguished Citizen,2016
423,Extra Ordinary,2019
424,Freedom at Midnight (Swathanthryam Ardharathriyil),2018
425,Gerald's Game,2017
426,Guru,2007
427,Laerte-se,2017
428,Mirage (Durante la tormenta),2018
429,The Night Comes for Us,2018
430,Norsemen (Vikingane),2016
431,Roberto Saviano: Writing Under Police Protection (Roberto Saviano: Uno scrittore sotto scorta),2016
432,Seth Meyers: Lobby Baby,2019
433,SHOT! The Psycho-Spiritual Mantra of Rock,2016
434,The Siege of Jadotville,2016
435,Story of an Egg,2017
436,Hush,2016
437,Cardboard Gangsters,2016
438,Full Out,2015
439,The Game Changers,2019
440,Katt Williams: The Pimp Chronicles: Pt. 1,2006
441,Marc Maron: Too Real,2017
442,My Beautiful Broken Brain,2016
443,People Just Do Nothing,2017
444,The Perfect Dictatorship,2014
445,Sharpe's Challenge,2006
446,A Gray State,2017
447,The Other Side of the Wind,2018
448,Screwball,2018
449,Tramps,2017
450,Blue Jay,2016
451,Flight,2012
452,Furious 7,2015
453,The Lincoln Lawyer,2011
454,Aruna & Her Palate (Aruna & Lidahnya),2018
455,Bad Day for the Cut,2017
456,Demetri Martin: Live (At the Time),2015
457,Dream High,2011
458,Dream High 2,2012
459,"El Pepe, a Supreme Life (El Pepe, Una Vida Suprema)",2018
460,Hari Kondabolu: Warn Your Relatives,2018
461,Jeff Dunham: Controlled Chaos,2011
462,Kabhi Haan Kabhi Naa,1994
463,Kevin James: Sweat the Small Stuff,2001
464,LEGO: Marvel Super Heroes: Maximum Overload,2013
465,Manto,2018
466,Marc Maron: Thinky Pain,2013
467,Michael Che Matters,2016
468,Miracle in Cell No. 7,2019
469,Mr. Roosevelt,2017
470,Mujeres arriba,2019
471,Mumbai Meri Jaan,2008
472,Pee-wee's Playhouse: Christmas Special,1988
473,The Pursuit of Happyness,2006
474,Ronny Chieng: Asian Comedian Destroys America!,2019
475,Taylor Tomlinson: Quarter-Life Crisis,2020
476,Vir Das: Losing It,2018
477,Wake Up Sid,2009
478,Wallace & Gromit: A Matter of Loaf and Death,2008
479,Wandering Stars,2019
480,Shutter Island,2010
481,Jodhaa Akbar,2008
482,"Michael Bolton's Big, Sexy Valentine's Day Special",2017
483,Mid90s,2018
484,My Neighbors the Yamadas,1999
485,Kung Fu Panda: Secrets of the Scroll,2016
486,Rock On!!,2008
487,Tell Me Who I Am,2019
488,Thithi,2015
489,Trailer Park Boys: Countdown to Liquor Day,2009
490,The Wife,2017
491,The Fundamentals of Caring,2016
492,Kung Fu Panda 2,2011
493,Lone Survivor,2013
494,Training Day,2001
495,ATM (ATM: Er Rak Error),2012
496,Barça Dreams,2015
497,Bert Kreischer: Secret Time,2018
498,Family Reunion,2019
499,Franca: Chaos and Creation,2016
500,The Great Hack,2019
501,Greenhouse Academy,2020
502,Jeff Dunham: Beside Himself,2019
503,John Mulaney & The Sack Lunch Bunch,2019
504,Louis Theroux: Savile,2016
505,Missing Link,2019
506,Our Souls At Night,2017
507,Petta,2019
508,Petta (Telugu Version),2019
509,Roots,2016
510,Sad Hill Unearthed,2017
511,Stree,2018
512,Super Dark Times,2017
513,Time After Time,2018
514,The Willoughbys,2020
515,Dragon (Wu Xia),2011
516,Fury,2014
517,The Young Victoria,2009
518,Berlin Calling,2008
519,Dragons: Dawn of the Dragon Racers,2014
520,Naruto Shippûden the Movie: The Will of Fire,2009
521,No One Killed Jessica,2011
522,Print the Legend,2014
523,The Rolling Stones: Olé Olé Olé! A Trip Across Latin America,2016
524,Quincy,2018
525,Begin Again,2013
526,Friday Night Lights,2004
527,The 12th Man,2018
528,Aamir,2008
529,Benidorm,2018
530,Bill Nye: Science Guy,2017
531,Get Me Roger Stone,2017
532,Jimmy Carr: Funny Business,2016
533,John Leguizamo's Latin History for Morons,2018
534,Let There Be Light,1946
535,Long Shot,2017
536,Mike Birbiglia: The New One,2019
537,Modest Heroes: Ponoc Short Films Theatre,2018
538,Njan Prakashan,2018
539,Oye Lucky! Lucky Oye!,2008
540,Pee Mak,2013
541,Long Time Running,2017
542,Happy Feet,2006
543,What If,2013
544,Eye of the Needle,1981
545,First Match,2018
546,The Angel,2018
547,Autumn Dreams,2015
548,Becoming,2020
549,Blind Date,2015
550,Maria Bamford: The Special Special Special,2012
551,Crocodile Dundee,1986
552,Everest,2015
553,The Mudge Boy,2003
554,Steel Magnolias,1989
555,Wedding Crashers,2005
556,الف مبروك (1000 Mabrouk),2009
557,Ana e Vitória,2018
558,The Big Show Show,2020
559,Climax,2018
560,Concrete Football (Ballon sur Bitume),2016
561,Jerry Seinfeld: Comedian,2002
562,Legendary Weapons of China,1982
563,LEGO House - Home of the Brick,2018
564,Namak Halaal,1982
565,The Power of Grayskull: The Definitive History of He-Man and the Masters of the Universe,2017
566,Rock My Heart,2019
567,Two Catalonias (Dos Cataluñas),2018
568,X Large,2011
569,Zion,2018
570,Coach Carter,2005
571,Flushed Away,2006
572,Forks Over Knives,2011
573,Out of Africa,1985
574,Over the Hedge,2006
575,RED,2010
576,Abducted in Plain Sight,2017
577,All Is Well (Alles ist gut),2019
578,Evelyn,2019
579,Jeff Dunham: Minding the Monsters,2012
580,Jen Kirkman: I'm Gonna Die Alone (And I Feel Fine),2015
581,Once Upon a Time in Mumbaai,2010
582,Retribution,2015
583,Sadece Sen,2014
584,Sarajevo,2014
585,Steve Jobs: Billion Dollar Hippy,2011
586,Been So Long,2018
587,Black '47,2018
588,Blockers,2018
589,Hostiles,2017
590,The King,2019
591,Manson Family Vacation,2015
592,VFW,2019
593,Wheelman,2017
594,The NeverEnding Story,1984
595,Role Models,2008
596,Spirit: Stallion of the Cimarron,2002
597,Outnumbered: Christmas 2011,2011
598,The Queen,1968
599,Burning Sands,2017
600,All The Reasons To Forget (Todas As Razões Para Esquecer),2017
601,Avengement,2019
602,Blood & Water,2020
603,The Bounty,1984
604,Bye Bye London (باي باي لندن),1981
605,Dhamaal,2007
606,Gad Elmaleh: Part en Live (Gad Gone Wild),2017
607,Goyo: The Boy General,2018
608,Have a Good Trip: Adventures in Psychedelics,2020
609,Highway,2014
610,I Am Ali,2014
611,I am Jonas (Jonas),2019
612,"Justice, My Foot!",1992
613,LIFE 2.0,2010
614,Life in a ... Metro,2007
615,Mistress America,2015
616,The Notebook,2004
617,Parchís: the Documentary,2019
618,Pickpockets,2016
619,ReMastered: Who Shot the Sheriff,2018
620,Satte Pe Satta,1982
621,To the Bone,2017
622,Whitney Cummings: Can I Touch It?,2019
623,Michael Inside,2017
624,Monster House,2006
625,Prince Avalanche,2013
626,Public Enemies,2009
627,This Is the End,2013
628,The Breaker Upperers,2018
629,Cities of Last Things,2018
630,The Most Unknown,2018
631,See You Yesterday,2019
632,The Sky Is Pink,2019
633,ZZ TOP: THAT LITTLE OL' BAND FROM TEXAS,2019
634,Aus dem Nichts (In The Fade),2017
635,Bon Cop Bad Cop 2,2017
636,Naruto the Movie 3: Guardians of the Crescent Moon Kingdom,2006
637,The Princess Switch,2018
638,Russell Peters: Almost Famous,2016
639,Tamasha,2015
640,U Turn,2016
641,The C Word,2016
642,Charlotte's Web,2006
643,Lord of War,2005
644,Red Dragon,2002
645,Trainwreck,2015
646,Ala Vaikunthapurramuloo,2020
647,Angu Vaikuntapurathu (Malayalam) (Ala Vaikunthapurramuloo),2020
648,The Art of Loving,2017
649,The Climb (L'ascension),2017
650,Colossal,2016
651,Dayveon,2017
652,Edoardo Ferrario: Temi Caldi,2019
653,Ekşi Elmalar (Sour Apples),2016
654,Friday,1995
655,Fukrey,2013
656,Life Without Principle,2011
657,Michelle Wolf: Joke Show,2019
658,Toc Toc,2017
659,Umrika,2015
660,Vir Das: Abroad Understanding,2017
661,Thor: Tales of Asgard,2011
662,Why We Fight: The Battle of Russia,1943
663,Toro,2016
664,Yuva,2004
665,Deidra and Laney Rob a Train,2017
666,A Beautiful Life,2011
667,Aurora,2010
668,Bayonet (Bayoneta),2019
669,Brian Banks,2018
670,BuyBust,2018
671,Carbon,2017
672,Crimson Peak,2015
673,"Dana Carvey: Straight White Male, 60",2016
674,Defiance,2008
675,Dil Dhadakne Do,2015
676,Don Jon,2013
677,Fadily Camara : La plus drôle de tes copines,2019
678,Fairy Tail: Dragon Cry (Gekijôban Fairy Tail: Dragon Cry),2017
679,Flavors of Youth: International Version (Si shi qing chun),2018
680,The Forest of Love,2019
681,Forget Me Not,2011
682,Gantz:O,2016
683,Gemini,2018
684,Goosebumps,2015
685,The Healing Powers of Dude,2020
686,Hurricane (Mission of Honor),2018
687,Iliza Shlesinger: Unveiled,2019
688,Jo Koy: Live from Seattle,2017
689,The Journey Is the Destination,2016
690,The Lost Brother,2017
691,"Love, Chunibyo & Other Delusions!: Rikka Version",2013
692,The Lovers and the Despot,2016
693,The Man from U.N.C.L.E.,2015
694,Minimalism: A Documentary About the Important Things,2016
695,My Big Night,2015
696,Namastey London,2007
697,Nothing to Hide (Le Jeu),2018
698,Opium and the Kung Fu Master (Lightning Fists of Shaolin),1984
699,Sarkar,2018
700,Sarkar,2018
701,Shootout at Lokhandwala,2007
702,Street Flow (Banlieusards),2019
703,The Terminal,2004
704,Travis Scott: Look Mom I Can Fly,2019
705,White Fang,2018
706,Ayana,2017
707,David Cross: Making America Great Again!,2016
708,In the Shadow of the Moon,2019
709,Kopitiam,2003
710,Alvin and the Chipmunks Meet the Wolfman,2000
711,Bhavesh Joshi Superhero,2018
712,Chris Tucker Live,2015
713,Dügün Dernek,2013
714,The Hard Way,2019
715,The Memphis Belle: A Story of a Flying Fortress,1944
716,Mighty Morphin Power Rangers,2010
717,The Real Miyagi,2014
718,Soorma,2018
719,Welcome Mr. President,2013
720,Barry,2016
721,Don 2,2011
722,The DUFF,2015
723,Mystic Pizza,1988
724,Stuck in Love,2012
725,Unbroken,2014
726,122,2019
727,A Champion Heart (A Horse from Heaven),2018
728,Accident,2009
729,Ari Shaffir: Double Negative,2017
730,The Consul's Son (Ibn el-Qunsul),2011
731,Eye For An Eye (Quien a hierro mata),2019
732,Fast Color,2019
733,Isi & Ossi,2020
734,Jeff Dunham: Relative Disaster,2017
735,Pyaar Ke Side Effects,2006
736,Rafinha Bastos: Ultimatum,2018
737,The Spy Who Fell to Earth,2019
738,Time to Hunt,2020
739,Unacknowledged,2017
740,Waar,2013
741,Walking with Dinosaurs: The Ballad of Big Al,2000
742,Weeds on Fire,2016
743,Pandora,2016
744,Reality Bites,1994
745,Sherlock Holmes: A Game of Shadows,2011
746,13TH: A Conversation with Oprah Winfrey and Ava DuVernay,2017
747,A Wish for Christmas,2016
748,Alvin and the Chipmunks Meet Frankenstein,1999
749,"Bikram: Yogi, Guru, Predator",2019
750,Bulbul Can Sing,2018
751,Dave Chappelle: Sticks & Stones,2019
752,The Debt Collector,2018
753,Happy Anniversary,2018
754,Iliza Shlesinger: Confirmed Kills,2016
755,Jim Norton: Mouthful of Shame,2017
756,Kaabil,2017
757,"Live Twice, Love Once (Vivir dos veces)",2020
758,Power Rangers S.P.D.,2005
759,Psychokinesis,2018
760,Race,2008
761,Apostle,2018
762,Kicking and Screaming,1995
763,Black Death,2010
764,Hitch,2005
765,Jackass 3,2010
766,Kevin Hart: Let Me Explain,2013
767,Eddie - Strongman,2015
768,18 Presents (18 regali),2020
769,Advantageous,2015
770,Ajji,2017
771,American Gospel: Christ Alone,2018
772,Ares,2020
773,BLAME!,2017
774,Brother (Mon frère),2019
775,Chamatkar,1992
776,Chris D'Elia: Incorrigible,2015
777,Deewangee,2002
778,Extraction,2020
779,Felipe Neto: My Life Makes No Sense,2017
780,Finding Mr. Right,2013
781,Wild at Heart,1990
782,Zaki Chan (Zaky Chan),2005
783,1000 Rupee Note,2014
784,CRD,2016
785,Chalet Girl,2011
786,Free Willy,1993
787,Lucy,2014
788,Madagascar,2005
789,Sausage Party,2016
790,A Midsummer Night's Sex Comedy,1982
791,The Christmas Chronicles,2018
792,The Hole in the Ground,2019
793,Q Ball,2019
794,Shinjuku Incident,2009
795,The Fury of a Patient Man,2016
796,Katherine Ryan: In Trouble,2017
797,Katt Williams: Great America,2018
798,Mighty Morphin Alien Rangers,1996
799,Miles Ahead,2015
800,Nicky Deuce,2013
801,What We Started,2017
802,Coming to America,1988
803,Daybreakers,2009
804,The Overnight,2015
805,Pitch Black (The Chronicles of Riddick: Pitch Black),2000
806,1 Mile to You,2017
807,The 4th Company (La 4ª Compañía),2016
808,A Sort of Family,2017
809,Altered Carbon: Resleeved,2020
810,Cahaya Dari Timur Beta Maluku (We Are Moluccans),2014
811,Christina P: Mother Inferior,2017
812,Fasel W Na'oud,2012
813,Generation Iron 2,2017
814,Judwaa,1997
815,Kardec,2019
816,Koshish,1972
817,Love O2O,2016
818,Mallesham,2019
819,Noah,2014
820,Outlaw King,2018
821,P.S. I Love You,2007
822,Restless Creature: Wendy Whelan,2016
823,"Ron White: If You Quit Listening, I'll Shut Up",2018
824,Running for Grace,2018
825,RUSSELL BRAND: RE:BIRTH,2018
826,The Search for Life in Space,2016
827,#Selfie 69,2016
828,WHAT DID JACK DO?,2020
829,White Nights,2016
830,You're Everything To Me (Sen Benim HerSeyimsin),2016
831,A Walk Among the Tombstones,2014
832,K-19: The Widowmaker,2002
833,The Rise (Wasteland),2012
834,The Soloist,2009
835,Beauties of the Night,2016
836,Candy Jar,2018
837,Children of God,1994
838,Master Z: The Ip Man Legacy,2018
839,Power Rangers Super Megaforce: The Legendary Battle (Extended),2014
840,Saint Judy,2018
841,Wazir,2016
842,Before I Wake,2016
843,Buster's Mal Heart,2016
844,Destroyer,2018
845,The Foreigner,2017
846,Kursk: The Last Mission (The Command),2018
847,The Monster,2016
848,The Perfect Storm,2000
849,The Reef,2010
850,2 Guns,2013
851,An American Tail,1986
852,Blades of Glory,2007
853,Charlie Bartlett,2007
854,Ender's Game,2013
855,Now You See Me,2013
856,Rodney King,2017
857,A Futile and Stupid Gesture,2018
858,Barakah Meets Barakah,2016
859,Before I Fall,2017
860,Bheeshma,2020
861,The Brothers,2001
862,Burn Out,2017
863,Chris D'Elia: Man on Fire,2017
864,Dügün Dernek 2: Sünnet,2015
865,Dot 2 Dot (Dim dui dim),2014
866,Expedition Happiness,2017
867,Go Karts (Go!),2020
868,The Great Magician,2011
869,Gridlocked,2015
870,Head On,1998
871,Ideal Home,2018
872,Juanita,2019
873,Laddaland,2011
874,Life's Speed Bump (Matab sena'y),2006
875,Little Miss Sumo,2018
876,My Way,2016
877,OtherLife,2017
878,Panipat - The Great Betrayal,2019
879,Pete Davidson: Alive From New York,2020
880,The Rachel Divide,2018
881,The Rehearsal,2016
882,Secrets in the Hot Spring,2018
883,So Young,2013
884,The Stolen Years,2013
885,This Christmas,2007
886,The Tree of Blood (El árbol de la sangre),2018
887,XOXO,2016
888,Dumb and Dumber,1994
889,Quigley Down Under,1990
890,Shrek Forever After,2010
891,Unknown,2011
892,Eh Janam Tumhare Lekhe,2015
893,Hyori's Bed & Breakfast (Hyorine Minbak),2018
894,Kaakan,2015
895,Masoom,1983
896,Minnaminugu the FireFly,2017
897,Bhoot,2003
898,Ek Ladki Ko Dekha Toh Aisa Laga,2019
899,Ferrari Ki Sawaari,2012
900,Game Over (Hindi Version),2019
901,Game Over (Tamil Version),2019
902,Game Over (Telugu Version),2019
903,Kevin Hart's Guide to Black History,2019
904,Pieles,2017
905,Power Rangers: Megaforce,2013
906,Thunderbolt,1947
907,Zapped,2014
908,Tower Heist,2011
909,Aval (The House Next Door),2017
910,Barcelona: A Love Untold,2016
911,Between Two Ferns: The Movie,2019
912,Chalte Chalte,2003
913,Dabbe: The Possession (Dabbe: Ci̇n; Çarpmasi),2013
914,Dirt,2017
915,Familiye,2017
916,The Giant,2017
917,Guest House Paradiso,1999
918,The House Next Door,2017
919,"In Family I Trust (
Gente que viene y bah)",2018
920,Motichoor Chaknachoor,2019
921,Phir Bhi Dil Hai Hindustani,2000
922,Phobia 2,2009
923,Playing Hard,2018
924,Prague,2013
925,Raja Hindustani,1996
926,Raja Natwarlal,2014
927,River's Edge,2018
928,Walking with Dinosaurs: Land of the Giants,2002
929,Walking with Dinosaurs: The Giant Claw,2002
930,Anna Karenina,2012
931,Oblivion,2013
932,Run All Night,2015
933,A Suitable Girl,2017
934,Los heroes del Mal,2015
935,Malevolent,2018
936,Sanju,2018
937,Shepherds and Butchers,2016
938,Dhobi Ghat (Mumbai Diaries),2010
939,Dream Boat,2017
940,Jezebel,2019
941,The Last Shaman,2016
942,Madeline,1998
943,Mr. Pig,2016
944,Pee-wee's Big Holiday,2016
945,About Last Night,2014
946,Lone Wolf McQuade,1983
947,Our Kind of Traitor,2016
948,Think Like a Man,2012
949,Michael McIntyre's Comedy Roadshow,2010
950,Premature,2019
951,The 101-Year-Old Man Who Skipped Out on the Bill and Disappeared,2016
952,Agatha and the Truth of Murder,2018
953,As the Light Goes Out,2014
954,Bewildered Bolbol (Bolbol Hayran),2010
955,Bhagam Bhag,2006
956,Chaahat,1996
957,The Chosen Ones,2015
958,CIA: Comrade in America,2017
959,Craig Ferguson: Tickle Fight,2017
960,Darna Mana Hai,2003
961,"Death Can Wait (No andaba muerto, estaba de parranda)",2020
962,Fear and Loathing in Las Vegas,1998
963,Gun City (La sombra de la ley),2018
964,Harishchandrachi Factory,2009
965,Hombanna,2017
966,Hospital ship,2017
967,I Am not an Easy Man (Je ne suis pas un homme facile),2017
968,The Invisible Guardian,2017
969,James Acaster: Repertoire,2018
970,Joe and Caspar Hit the Road,2015
971,Lady Chatterley's Lover,2015
972,The Legacy of the Bones (Legado en los huesos),2019
973,The Legend of Bruce Lee,2008
974,Liberated: The New Sexual Revolution,2017
975,Life in the Doghouse,2018
976,The Lonely Island Presents: The Unauthorized Bash Brothers Experience,2019
977,Lost Girls,2020
978,Love Ni Bhavai,2017
979,Magic Snowflake,2013
980,"Mektoub, My Love: Canto Uno",2017
981,Mustang Island,2017
982,My Favorite Wedding,2017
983,Naomi and Ely's No Kiss List,2015
984,No Good Nick,2019
985,The Occupant (Hogar),2020
986,Out of Thin Air,2017
987,Porndemic,2018
988,Public Schooled,2018
989,Qismat,2018
990,Rocky Handsome,2016
991,Sadma,1983
992,Satyagraha,2013
993,#Selfie,2014
994,SETHUM AAYIRAM PON,2020
995,Skydancers,2014
996,Tad: The Lost Explorer (Las aventuras de Tadeo Jones),2012
997,Tere Naal Love Ho Gaya,2012
998,Two Thumbs Up,2015
999,Fireplace for Your Home,2010
1000,The Interpreter,2005
1001,Results,2015
1002,The Second Best Exotic Marigold Hotel,2015
1003,Step Brothers,2008
1004,What Dreams May Come,1998
1005,Carrie Pilby,2016
1006,Come Sunday,2018
1007,The Highwaymen,2019
1008,Isn't It Romantic,2019
1009,Jonas,2015
1010,The Memory of Water,2015
1011,Nell,1994
1012,Pants on Fire,2014
1013,Easy Money,1983
1014,THE MECHANIC,2011
1015,Northern Soul,2014
1016,3096 Tage,2013
1017,7 Khoon Maaf,2011
1018,The A List,2018
1019,Angel of Mine,2019
1020,Beyond the Clouds,2017
1021,Castle and Castle,2018
1022,Departures (Then Came You),2019
1023,The Fiery Priest,2019
1024,Force 2,2016
1025,Forgive Us Our Debts (Rimetti a noi i nostri debiti),2018
1026,Guilty,2020
1027,Heaven Without People,2017
1028,Jonathan (Duplicate),2018
1029,The King's Avatar,2019
1030,Masameer - The Movie,2020
1031,Much Loved,2015
1032,My Ex & Whys,2017
1033,NOVA: Decoding the Weather Machine,2018
1034,Opening Night,2016
1035,The Polka King,2017
1036,ReMastered: Who Killed Jam Master Jay?,2018
1037,The Russian Revolution,2017
1038,The Ruthless (Lo spietato),2019
1039,Tad the Lost Explorer and the Secret of King Midas (English Version) (Tadeo Jones 2: El secreto del Rey Midas),2017
1040,Travel Mates 2,2018
1041,Ultras,2020
1042,Veronica,2017
1043,Vettai,2012
1044,The Visit,2015
1045,The Visit,2015
1046,Wedding Unplanned,2017
1047,Whitney Cummings: Money Shot,2010
1048,You Know Who (Elly baly balak),2003
1049,The Dictator,2012
1050,Ned Kelly,2003
1051,Eyyvah Eyyvah 2,2011
1052,Kabali (Hindi Version),2016
1053,Katt Williams: Kattpacalypse,2012
1054,Kurtulus Son Durak,2012
1055,The Leisure Seeker,2017
1056,The Motive,2017
1057,Sergio,2020
1058,Backdraft,1991
1059,Ek Main Aur Ekk Tu,2012
1060,Lord of Illusions,1995
1061,Manhunt,2017
1062,My Life,1993
1063,The Tenth Man,2016
1064,Vox Lux,2018
1065,What Happened to Monday (Seven Sisters),2017
1066,13 Sins,2014
1067,The American,2010
1068,Annie,1982
1069,Break Point,2014
1070,Center Stage,2000
1071,Space Jam,1996
1072,The Babysitter,2017
1073,Barbie Dolphin Magic,2017
1074,The Bodyguard (My Beloved Bodyguard),2016
1075,Curtiz,2018
1076,Date with Love,2016
1077,The Decline (Jusqu'au déclin),2020
1078,Dedemin Fisi,2016
1079,The Dirt,2019
1080,Fortune Feimster: Sweet & Salty,2020
1081,GODZILLA City on the Edge of Battle,2018
1082,The Interview,2014
1083,Level 16,2018
1084,Little Boxes,2016
1085,Locked on You (Hedefim Sensin),2018
1086,Mary Shelley,2017
1087,Nativity!,2009
1088,The Reconquest (La Reconquista),2016
1089,Sidetracked (Las Ovejas No Pierden el Tren),2014
1090,The Taking of Pelham 123,2009
1091,To All the Boys: P.S. I Still Love You,2020
1092,White House Down,2013
1093,Catching Feelings,2018
1094,Uncle,2017
1095,Contraband,2012
1096,David Brent: Life on the Road,2016
1097,Foxy Brown,1974
1098,Hannibal,2001
1099,Jumping the Broom,2011
1100,Middle School: The Worst Years of My Life,2016
1101,The Purge: Anarchy,2014
1102,Riddick,2013
1103,She's Out of My League,2010
1104,Agatha Christie's Crooked House,2017
1105,Dream Lover,1994
1106,Entangled,2014
1107,Kanavu Variyam (Dream Factory),2017
1108,Monty Python's Personal Best,2005
1109,Muramba,2017
1110,My Little Pony Friendship Is Magic: Best Gift Ever,2018
1111,Naa Bangaaru Talli,2013
1112,Shiva,1990
1113,Shonar Pahar,2018
1114,Sierra Burgess Is A Loser,2018
1115,Uppity: The Willy T. Ribbs Story,2020
1116,Amateur,2018
1117,Grace Unplugged,2013
1118,iBOY,2017
1119,Insidious: Chapter 3,2015
1120,Legend of The Fist : The Return of Chen Zhen,2010
1121,A Very Murray Christmas,2015
1122,Girl on the Third Floor,2019
1123,Mrs. Lowry & Son,2019
1124,2 States,2014
1125,Gandu,2011
1126,Kathleen Madigan: Bothering Jesus,2016
1127,Belgica,2016
1128,Final Destination 5,2011
1129,Get Smart,2008
1130,Going the Distance,2010
1131,Kindergarten Cop,1990
1132,Paper Towns,2015
1133,Rolling Papers,2015
1134,Thanks for Sharing,2012
1135,The To Do List,2013
1136,Yes Man,2008
1137,Adam Devine: Best Time of Our Lives,2019
1138,ARQ,2016
1139,Colin Quinn: Unconstitutional,2015
1140,Dany Boon: Des Hauts De France,2018
1141,The Devil's Mistress (Lída Baarová),2016
1142,Dog Days,2018
1143,Fate/Grand Order -First Order-,2016
1144,Finally Found Someone,2017
1145,Hearts in Atlantis,2001
1146,Hide and Seek,2016
1147,Jo Pil-ho: The Dawning Rage (Bad Police),2018
1148,Line Walker,2016
1149,May the Devil Take You,2018
1150,Milea,2020
1151,My Travel Buddy (Yol Arkadasim),2017
1152,Papi Chulo,2018
1153,Psycho,2020
1154,"Roman J. Israel, Esq.",2017
1155,The Tribe,2018
1156,Uncertain Glory,2017
1157,Mouse Hunt,1997
1158,No Strings Attached,2011
1159,Doing Hard Time,2004
1160,Dry Martina,2018
1161,It's Now or Never (Ahora O Nunca),2015
1162,Know Your Enemy - Japan,1945
1163,Spenser Confidential,2020
1164,Tales from Earthsea,2006
1165,We Need to Talk,2016
1166,"2,215",2018
1167,3 Deewarein (Three Walls),2003
1168,Awe,2018
1169,The Birth Reborn (O Renascimento do Parto),2013
1170,Born in Gaza (Nacido en Gaza),2014
1171,Burnistoun,2012
1172,Hospital Playlist,2020
1173,III Smoking Barrels,2017
1174,Katha,1982
1175,Kiss & Cry,2017
1176,Man Like Mobeen,2019
1177,Mango Dreams,2016
1178,Manu,2018
1179,Mayday Life,2019
1180,Monty Python: Live at Aspen,1998
1181,NOVA: Poisoned Water,2017
1182,Samantaral,2017
1183,Seven Sundays,2017
1184,Sur Sapata,2019
1185,Surga Yang Tak Dirindukan,2015
1186,Todo lo que sería Lucas Lauriente,2018
1187,Tottaa Pataaka Item Maal,2018
1188,Bad Boys,1995
1189,Belief: The Possession of Janet Moses,2015
1190,Betty White: First Lady of Television,2018
1191,Bibi & Tina: Girls Versus Boys (Bibi & Tina: Mädchen gegen Jungs),2016
1192,Born to Be Free,2016
1193,Breakout,2010
1194,Carlos Ballarta:  El Amor Es De Putos,2016
1195,Derren Brown: Miracle,2018
1196,Ee Nagaraniki Emaindi,2018
1197,Ghosts of Sugar Land,2019
1198,Hamid,2018
1199,I Am Michael,2015
1200,Invisible,2017
1201,Jenny Slate: Stage Fright,2019
1202,Montana,2014
1203,Moor,2015
1204,On Yoga The Architecture of Peace,2017
1205,Paradise Hills,2019
1206,ROAD TO ROMA,2020
1207,"Saimdang, Memoir of Colors (Saimdang, the Herstory)",2017
1208,Small Crimes,2017
1209,Vir Das: For India,2020
1210,3 Türken & ein Baby,2015
1211,Horse Girl,2020
1212,Jailbreak,2017
1213,Pari,2018
1214,People You May Know,2016
1215,Todd Glass: Act Happy,2018
1216,Ibiza,2018
1217,Strange Weather,2016
1218,The Substitute,1996
1219,"The Taking of Pelham 1, 2, 3",1998
1220,Velvet Buzzsaw,2019
1221,Angels & Demons,2009
1222,Chennai Express,2013
1223,Flawless,1999
1224,D.L. Hughley: Clear,2014
1225,Naledi: A Baby Elephant's Tale,2016
1226,Bethany Hamilton: Unstoppable,2019
1227,A Christmas Prince: The Royal Baby,2019
1228,Bibi and Tina,2014
1229,The Bittersweet,2017
1230,Dark Skies,2013
1231,Duplicate,1998
1232,Earth and Blood,2020
1233,Edie,2019
1234,Eyyvah Eyyvah 3,2014
1235,Friends with Money,2006
1236,The Funhouse Massacre,2015
1237,Gladiator,1992
1238,Gnome Alone,2018
1239,Going for Gold,2018
1240,In Like Flynn,2018
1241,Kuch Bheege Alfaaz,2018
1242,"The Last Runway (Leal, solo hay una forma de vivir)",2018
1243,"Love, Surreal and Odd (Tatlim Tatlim)",2017
1244,The Miracle Season,2018
1245,Money Trap (Organize Isler: Sazan Sarmali),2019
1246,Mutiny of the Worker Bees (Rise of the Office Workers),2020
1247,Natural Selection,2015
1248,Orbiter 9,2017
1249,Power Rangers Lost Galaxy,1999
1250,Real Crime: Supermarket Heist (Tesco Bomber),2010
1251,#realityhigh,2017
1252,Red Joan,2019
1253,Rip Tide,2017
1254,Snervous,2015
1255,Saverio Raimondo: Il Satiro Parlante,2019
1256,The Silence of the Marsh (El silencio del pantano),2019
1257,Ungli,2014
1258,Faster,2010
1259,Maze Runner: The Scorch Trials,2015
1260,Quarantine,2008
1261,Remember Me,2010
1262,Frank and Cindy,2007
1263,Neseli Hayat,2009
1264,Power Rangers Jungle Fury,2008
1265,Tiger (Sangre en la boca),2016
1266,Welcome to Mercy,2018
1267,Ballerina (Leap!),2016
1268,Far and Away,1992
1269,Happy New Year,2014
1270,Stranger than Fiction,2006
1271,American Pie 2,2001
1272,"Faith, Hope & Love",2019
1273,12 Strong,2018
1274,A mighty Team (La Dream Team),2016
1275,Accepted,2006
1276,Addicted to Life,2014
1277,Airplane Mode,2020
1278,An Immortal Classic,2012
1279,Angry Mom,2015
1280,Audrey Rose,1977
1281,"Ayotzinapa, el paso de la tortuga",2018
1282,The Blue Umbrella,2005
1283,Bon Bini Holland,2015
1284,Born Beautiful,2019
1285,Bruno and Boots: The Wizzle War,2017
1286,Cake,2018
1287,Chaotic Love Poems (Aach... Aku Jatuh Cinta),2016
1288,City of Joy,2018
1289,Code 8,2019
1290,Colin Quinn: Red State Blue State,2019
1291,Dabbe 5: Zehr-i Cin,2014
1292,Do Dooni Chaar,2010
1293,Garuda in My Heart 2 (Garuda di Dadaku 2),2011
1294,Ghayal,1990
1295,Gie,2005
1296,The Guardian Brothers,2016
1297,Habibie & Ainun,2012
1298,Hakkunde,2017
1299,Harry Enfield Presents...,2001
1300,High Society,2018
1301,Hotel for Dogs,2009
1302,I Dream Of Dance,2017
1303,In a Relationship,2018
1304,Louis Theroux: Dark States - Murder in Milwaukee,2017
1305,Love 101,2020
1306,Love Wedding Repeat,2020
1307,The Main Event,2020
1308,Mandi,1983
1309,Mrs. Serial Killer,2020
1310,NOVA: First Face of America,2018
1311,Pahuna,2018
1312,Phantom,2015
1313,Ravenous (Les affamés),2017
1314,Ricardo Quevedo: Los amargados somos más,2019
1315,Rocco,2016
1316,Sheep & Wolves,2016
1317,The Sinking Of Van Der Wijck,2013
1318,Spivak,2017
1319,The Sun Is Also a Star,2019
1320,SunGanges (Suryaganga),2018
1321,Tall Girl,2019
1322,True Heart,1997
1323,True Story,2015
1324,Union Leader,2017
1325,War Against Women,2013
1326,XX,2017
1327,Yeh Ballet,2020
1328,Across Grace Alley,2013
1329,Fishtail,2015
1330,Sam Kinison: Family Entertainment Hour,1991
1331,Death Race,2008
1332,He's Just Not That Into You,2009
1333,"See No Evil, Hear No Evil",1989
1334,Ted 2,2015
1335,American Pie Presents: The Book of Love,2009
1336,Back of the Net,2019
1337,Coin Heist,2017
1338,Elephants Dream,2006
1339,The Furchester Hotel,2015
1340,Kyaa Kool Hai Hum,2005
1341,My Fuhrer,2007
1342,Power Rangers RPM,2009
1343,The Discovery,2017
1344,The Last House on the Left,2009
1345,Maniac,2012
1346,Mascots,2016
1347,Step Up: All In,2014
1348,A Kid Like Jake,2018
1349,Blockbuster,2017
1350,Enter the Warriors Gate,2016
1351,F.R.E.D.I.,2018
1352,Getaway Plan,2016
1353,Grandma's Wedding (La Boda de la Abuela),2020
1354,The Guvnors,2014
1355,Hollow Point,2019
1356,The Last Days of American Crime,2020
1357,Michael Lost and Found,2015
1358,Miranda Sings Live…Your Welcome,2019
1359,Pajanimals,2011
1360,Patiala House,2011
1361,Pedal the World,2015
1362,Power Rangers Lightspeed Rescue,2000
1363,Big Daddy,1999
1364,Bloodsport,1988
1365,Copying Beethoven,2006
1366,Bloodline,2018
1367,Breaking Habits,2019
1368,Elisa & Marcela,2019
1369,Garfield's Fun Fest,2008
1370,Ms. Matched,2016
1371,Romantik Komedi 2: Bekarlığa Veda,2013
1372,Asees,2018
1373,Barbra: The Music ... The Mem'ries ... The Magic!,2017
1374,Beethoven Virus,2008
1375,Duck Butter,2018
1376,Maniac,2015
1377,The Outcasts,2017
1378,Speech & Debate,2017
1379,Closed Circuit,2013
1380,The Life of David Gale,2003
1381,Man on a Ledge,2012
1382,Two Weeks Notice,2002
1383,Jeremiah Tower: The Last Magnificent,2016
1384,The 3rd Eye 2,2019
1385,6 Days,2017
1386,ABCD 2,2015
1387,Bomb Scared (Fe de etarras),2017
1388,Bring It On Again,2004
1389,Budapest,2018
1390,Christmas Inheritance,2017
1391,Close,2019
1392,Crazy people,2018
1393,Danur: I Can See Ghosts,2017
1394,The First Purge,2018
1395,Ghanchakkar,2013
1396,The Hangover: Part II,2011
1397,Harry and the Hendersons,1987
1398,The House Bunny,2008
1399,I Am,2010
1400,King Cobra,2016
1401,The Man Who Killed Hitler And Then The Bigfoot,2018
1402,Oldboy,2013
1403,The Prodigy,2019
1404,Raajneeti,2010
1405,Something Huge (Algo muy gordo),2017
1406,Step Up 2: The Streets,2008
1407,Unbridled (Animales sin collar),2018
1408,Undercover Grandpa,2016
1409,Bad Rap,2016
1410,Gaddar: the Traitor,2015
1411,Shark Tale,2004
1412,A Trip to Jamaica,2016
1413,Acts of Vengeance,2017
1414,Apache Warrior,2017
1415,Baby Dolls (Guddiyan Patole),2019
1416,Bazaar,1982
1417,Black Snow,2017
1418,Camarón: The Film,2018
1419,Downsizing,2017
1420,Evening Shadows,2018
1421,The Figurine (Araromire),2009
1422,Four Sisters and a Wedding,2013
1423,Goli Soda 2,2018
1424,Hotel Pacific (Zaklete rewiry),1975
1425,In Paradox,2019
1426,The Last Days of Chez Nous,1992
1427,Louis Theroux: Dark States - Trafficking Sex,2017
1428,Love and Shukla,2017
1429,Lupt,2018
1430,"Main, Meri Patni Aur Woh",2005
1431,Mo Amer: The Vagabond,2018
1432,NOVA: Thai Cave Rescue,2018
1433,Numbered,2012
1434,Odu Raja Odu,2018
1435,Saavat,2019
1436,Shubh Aarambh,2017
1437,The Silence,2015
1438,Uriyadi 2,2019
1439,War Machine,2017
1440,A Fall from Grace,2020
1441,Deuces,2016
1442,First Knight,1995
1443,Rising High (Betonrausch),2020
1444,For Here or to Go?,2015
1445,2012,2009
1446,Charlie St. Cloud,2010
1447,Last Action Hero,1993
1448,Never Back Down,2008
1449,That Demon Within,2014
1450,10 jours en or,2012
1451,Christmas With A View,2018
1452,Earthquake Bird,2019
1453,Every Time I Die,2019
1454,Gori Tere Pyaar Mein,2013
1455,How to Be a Latin Lover,2017
1456,Jefe,2018
1457,Leslie Jones: Time Machine,2020
1458,Money,2016
1459,Overnight Republic (Kolonya Cumhuriyeti),2017
1460,Sand Castle,2017
1461,The Man with the Iron Fists,2012
1462,Baazaar,2018
1463,Fifty,2015
1464,#The Jews,2016
1465,The Laws of Thermodynamics,2018
1466,Mean Girls 2,2011
1467,Mostly Sunny,2016
1468,One 2 Ka 4,2001
1469,The Red Sea Diving Resort,2019
1470,Take the 10,2017
1471,Click,2006
1472,Eat Pray Love,2010
1473,Rock of Ages,2012
1474,Takers,2010
1475,Big Bad Beetleborgs,1997
1476,Haani,2013
1477,Jatt James Bond,2014
1478,Nila,2016
1479,Wyatt Cenac: Brooklyn,2014
1480,Rainbow Time,2016
1481,İstanbul Kırmızısı (Red Istanbul),2017
1482,300 Miles to Heaven (300 mil do nieba),1989
1483,A Witches' Ball,2017
1484,Aaviri,2019
1485,Bad Teacher,2011
1486,Bilu Rakkhosh (Bilu: A Demon Within),2017
1487,The Blind Christ,2016
1488,Carlos Ballarta: Furia Ñera,2018
1489,Como caído del cielo,2019
1490,Crazy Beautiful You,2015
1491,"Crouching Tiger, Hidden Dragon: Sword of Destiny",2016
1492,Don't Go Breaking My Heart 2,2014
1493,Eeda,2018
1494,"Escape from the ""Liberty"" Cinema",1990
1495,Everything About Her,2016
1496,The Family,2013
1497,The First Temptation of Christ (A Primeira Tentação de Cristo),2019
1498,Flimflam (Laaf Wa Dawaraan),2016
1499,The Gathering,2003
1500,Gelo,2016
1501,Halkaa,2018
1502,Ho Mann Jahan,2015
1503,The House on Coco Road,2016
1504,Jessica Darling's It List,2016
1505,Jhankaar Beats,2003
1506,Little Giants,1994
1507,Lorai: Play to Live,2015
1508,Lucha: Playing the Impossible (Lucha. Jugando con lo imposible),2016
1509,Meet the Adebanjos,2016
1510,My Stupid Boss,2016
1511,Mystic Whispers,2014
1512,NOVA: Prediction by the Numbers,2018
1513,NOVA: Secrets of the Shining Knight,2017
1514,Outlander,2008
1515,Radiant Office,2017
1516,Ram Jaane,1995
1517,Reincarnated,2012
1518,Rogue Agent (Newcomer),2015
1519,Romantik Komedi,2010
1520,Safe Haven,2013
1521,Si Doel the Movie,2018
1522,The Son (El Hijo),2018
1523,The Substitute 2: School's Out,1998
1524,Suits,2018
1525,Surat Dari Praha (Letters from Prague),2016
1526,Surga Yang Tak Dirindukan 2,2017
1527,Tahaan,2008
1528,Twin Murders: the Silence of the White City (El silencio de la ciudad blanca),2020
1529,Velvet Colección: Grand Finale,2020
1530,Waiting,2015
1531,Westerplatte Resists (Westerplatte),1967
1532,When Angels Sleep (Cuando los ángeles duermen),2018
1533,"Yours Sincerely, Kanan Gill",2020
1534,Yucatán,2018
1535,Humanoids from the Deep,1980
1536,Species,1995
1537,When the Game Stands Tall,2014
1538,Bait,2012
1539,Destination Wedding,2018
1540,England Is Mine,2017
1541,"Chatô, O Rei do Brasil",2015
1542,Mubarakan,2017
1543,A Remarkable Tale (Never Seen),2019
1544,After Porn Ends 3,2017
1545,Baadshaho,2017
1546,The Bad Batch,2016
1547,Beyond Skyline,2017
1548,Chandani: The Daughter of the Elephant Whisperer,2010
1549,The Doll 2,2017
1550,Dude,2018
1551,GODZILLA The Planet Eater,2018
1552,Goosebumps 2: Haunted Halloween,2018
1553,Helios,2015
1554,Heroine,2012
1555,Katti Batti,2015
1556,Little Man,2006
1557,Malibu Rescue,2019
1558,Misfit,2017
1559,Offline - Das leben ist kein bonuslevel (Offline: Are You Ready for the Next Level?),2016
1560,Omar & Salma 2,2009
1561,Puss in Book: Trapped in an Epic Tale,2017
1562,Same Kind of Different as Me,2017
1563,The Skin of the Wolf (Bajo la piel de lobo),2018
1564,Suzzanna: Buried Alive,2018
1565,"Trailer Park Boys: Drunk, High and Unemployed: Live In Austin",2015
1566,The Best of Me,2014
1567,The Divergent Series: Insurgent,2015
1568,The Exorcism of Emily Rose,2005
1569,Berlin Kaplani,2012
1570,Los Herederos,2015
1571,Luka Chuppi,2019
1572,My Own Man,2015
1573,Rich in Love,2020
1574,Unicorn Store,2019
1575,A Second Chance,2015
1576,Aashayein,2010
1577,Ahista Ahista,2006
1578,Amit Tandon: Family Tandoncies,2019
1579,An Hour and a Half (Saa'a wi Nos),2012
1580,Anchor Baby,2010
1581,Behind the Curtain: Todrick Hall,2017
1582,Bert Kreischer: Hey Big Boy,2020
1583,The Big Family Cooking Showdown,2018
1584,The Dancer,2011
1585,Daniel Sosa: Maleducado,2019
1586,Filosofi Kopi The Movie,2015
1587,#FriendButMarried,2018
1588,Janaan,2016
1589,Jealousy and medicine (Zazdrosc i medycyna),1973
1590,The Job Lot,2015
1591,Mayurakshi,2017
1592,The Milk System,2017
1593,Nathicharami,2018
1594,Neevevaro,2018
1595,Once Again,2018
1596,Party Monster: Scratching the Surface,2018
1597,Professor,1962
1598,The Road to El Camino: Behind the Scenes of El Camino: A Breaking Bad Movie,2019
1599,Saath Saath,1982
1600,Sir Alex Ferguson: Secrets of Success,2015
1601,The spiral (Spirala),1978
1602,Verses of Love,2008
1603,3 Days to Kill,2014
1604,Fun with Dick & Jane,2005
1605,Total Recall,2012
1606,Happy Go Lucky,2014
1607,2 Alone in Paris (Seuls Two),2008
1608,5Gang,2019
1609,The Addams Family,2019
1610,Awake,2019
1611,Back to School (La Grande Classe),2019
1612,Bottom of the World,2017
1613,Bullet Head,2017
1614,Down a Dark Hall,2018
1615,ReMastered: The Lion's Share,2019
1616,Saawan,2016
1617,She Did That,2019
1618,Sofía Niño de Rivera: Selección Natural,2018
1619,Welcome to Sajjanpur,2008
1620,Without Gorky,2011
1621,Heroes Wanted,2016
1622,"Ken Jeong: You Complete Me, Ho",2019
1623,Mugamoodi,2012
1624,The Pages (An Acceptable Loss),2018
1625,Ricardo O'Farrill: Abrazo navideño,2016
1626,You Carry Me,2015
1627,Battle: Los Angeles,2011
1628,Deliver Us from Evil,2014
1629,Need for Speed,2014
1630,After Maria,2019
1631,Bridget Christie: Stand Up for Her,2016
1632,Goon: Last of the Enforcers,2016
1633,Holiday Rush,2019
1634,Kurbaan,2009
1635,Mean Machine,2001
1636,Monster Island,2017
1637,Native,2016
1638,Pottersville,2017
1639,Pure as Snow (Blanche comme neige),2019
1640,Solo (Alone),2018
1641,Who Would You Take to a Deserted Island? (¿A quién te llevarías a una isla desierta?),2019
1642,Along Came Polly,2004
1643,Saw VI,2009
1644,Waist Deep,2006
1645,Arena,1989
1646,El Camino Christmas,2017
1647,SMOSH: The Movie,2015
1648,Big Stan,2007
1649,Bokeh,2017
1650,Murder Mystery,2019
1651,The Rage: Carrie 2,1999
1652,At First Sight,1999
1653,Cinar Agaci (The Plane Tree),2011
1654,Agustín Aristarán: Soy Rada,2018
1655,Barah Aana,2009
1656,Black Rock,2012
1657,The Bund (Shang Hai tan xu ji),1983
1658,Carmen Sandiego: To Steal or Not to Steal,2020
1659,Chhota Bheem Kungfu Dhamaka,2019
1660,David Beckham: For the Love of the Game,2015
1661,Deliha 2,2018
1662,Dil Vil Pyaar Vyaar,2014
1663,Do Paise Ki Dhoop Chaar Aane Ki Baarish,2009
1664,The Dreamer (Sang Pemimpi),2009
1665,El sendero de la anaconda,2019
1666,Franco Escamilla: Bienvenido al mundo,2019
1667,Galih dan Ratna,2017
1668,Hans Teeuwen: Real Rancour,2016
1669,Hurricane Bianca: From Russia With Hate,2018
1670,I Am the Pretty Thing That Lives in the House,2016
1671,Jal,2013
1672,John Bishop: Supersonic Live at the Royal Albert Hall,2015
1673,Kaalia,1981
1674,Kalki,2017
1675,Kia and Cosmos,2018
1676,Manoranjan,1974
1677,The Maus,2017
1678,Mere Pyare Prime Minister,2019
1679,The Modest Heroes of Studio Ponoc,2018
1680,My Girl 2,1994
1681,Pacific Rim: Uprising,2018
1682,Ralphie May: Unruly,2015
1683,Ramji Londonwaley,2005
1684,Revenge of the Ninja,1983
1685,Seth Rogen's Hilarity for Charity,2018
1686,Shikari,1991
1687,Single,2015
1688,Super Monsters Back to School,2019
1689,Thambi,2019
1690,Two Weeks,2006
1691,What to Expect When You're Expecting,2012
1692,You Get Me,2017
1693,Casablancas: The Man Who Loved Women,2016
1694,Gour Hari Dastaan: The Freedom File,2015
1695,Dante's Peak,1997
1696,The Heartbreak Kid,2007
1697,The Brothers Grimsby (Grimsby),2016
1698,I Feel Pretty,2018
1699,Mercy Black,2019
1700,Midnight Sun,2018
1701,Chewing the Fat,1999
1702,FullMetal Alchemist,2017
1703,He's Out There,2018
1704,Tears of Steel,2012
1705,The Wrong Missy,2020
1706,Mercury Rising,1998
1707,Agent of Deceit (Who's Stalking Me?),2019
1708,Bring it On: All or Nothing,2006
1709,Girlfriend's Day,2017
1710,Humko Deewana Kar Gaye,2006
1711,The Iron Ladies (Satree lek),2000
1712,Jack Reacher: Never Go Back,2016
1713,My Perfect Romance,2018
1714,P,2006
1715,Power Rangers Operation Overdrive,2007
1716,The Star,2017
1717,Superlopez,2018
1718,Unbroken: Path to Redemption,2018
1719,The Violin Player,2016
1720,VS.,2018
1721,Winter People,1989
1722,The Worthy,2016
1723,You Got Served,2004
1724,Chinese Zodiac,2012
1725,Clash of the Titans,2010
1726,Half Baked,1998
1727,Transformers: Revenge of the Fallen,2009
1728,Interview with a Serial Killer,2008
1729,6 Underground,2019
1730,Adhugo,2018
1731,Amazing Interiors,2018
1732,Amrapali,1966
1733,Anwar,2007
1734,Bachelor Girls,2016
1735,Mohenjo Daro,2016
1736,Nostalgia,2018
1737,Natural Born Pranksters,2016
1738,Niyazi Gül Dörtnala,2015
1739,Revenger,2018
1740,Dead Silence,2007
1741,Get Hard,2015
1742,L!fe Happens,2011
1743,That Awkward Moment,2014
1744,3 Heroines (3 Srikandi),2016
1745,48 Christmas Wishes,2017
1746,Amar,2017
1747,An Affair to Die For,2019
1748,Bill Hicks: Reflections,2015
1749,The Bling Lagosians,2019
1750,Cabins in the Wild with Dick Strawbridge,2017
1751,The CEO,2016
1752,Chalay Thay Saath,2017
1753,Chance Pe Dance,2009
1754,Cheech & Chong's The Corsican Brothers,1984
1755,Coco y Raulito: Carrusel de ternura,2018
1756,Consequences,2014
1757,Dawn French: 30 Million Minutes,2016
1758,Despido Procedente (Dismissal),2017
1759,Detention Letter (Arrest Letter),2017
1760,Eve's Apple (La manzana de Eva),2017
1761,Fit for Fashion,2015
1762,Garfield's Pet Force,2009
1763,Ghulam-E-Musthafa,1997
1764,The Great Gambler,1979
1765,It Takes a Lunatic,2019
1766,It Takes a Man and a Woman,2013
1767,Laatu,2018
1768,The Last Nazis,2009
1769,Late Life: The Chien-Ming Wang Story,2018
1770,Lifeline,1997
1771,Maddman: The Steve Madden Story,2017
1772,Manje Bistre,2017
1773,Marco Luque: Tamo Junto,2016
1774,Melle,2017
1775,Muzaffarnagar Baaqi Hai,2015
1776,Pacificum: El retorno al océano (Pacificum: Return to The Ocean),2017
1777,Persona,2019
1778,Power Rangers Turbo,1997
1779,Prince of Peoria: A Christmas Moose Miracle,2018
1780,Pup Academy,2020
1781,Puriyatha Puthir (Puriyaadha Pudhir),2017
1782,The Surrounding Game,2018
1783,Swami,1977
1784,Sword Masters: Two Champions of Shaolin (Two Champions of Death),1980
1785,Teach Us All,2017
1786,Todo Sobre El Asado,2016
1787,Upstarts,2019
1788,Firewall,2006
1789,Çok Filim Hareketler Bunlar,2010
1790,Naked,2017
1791,V.R. Troopers,1995
1792,American Son,2019
1793,Julian Schnabel: A Private Portrait,2017
1794,Daddy Day Care,2003
1795,How Do You Know,2010
1796,The Mortal Instruments: City of Bones,2013
1797,Pan,2015
1798,Mumbai Cha Raja,2016
1799,Aftermath,2017
1800,American Ninja 4: The Annihilation,1991
1801,Aurora,2018
1802,Bibi & Tina: Tohuwabohu Total,2017
1803,Boi,2018
1804,Christmas Wedding Planner,2017
1805,Dhan Dhana Dhan Goal,2007
1806,Dilwale,2015
1807,Gang of the Caribbean (Le gang des Antillais),2016
1808,The Hollow Point,2016
1809,Illang: The Wolf Brigade (Inrang),2018
1810,Inspector Clouseau,1968
1811,The Intent,2016
1812,Made of Honour (Made of Honor),2008
1813,Stolen,2012
1814,Thank You,2011
1815,The Twins Effect II,2004
1816,War Games,2011
1817,Naughty Jatts,2013
1818,Drillbit Taylor,2008
1819,A New Capitalism (Um Novo Capitalismo),2017
1820,Ankur Arora Murder Case,2013
1821,Arisan 2,2011
1822,Azhar,2016
1823,The Bare-Footed Kid,1993
1824,Bhangra Paa Le,2019
1825,The Bomb,2016
1826,Breaking Free,2015
1827,The Breakup Playlist,2015
1828,D.L. Hughley: Contrarian,2018
1829,Ek Jaan Hain Hum,1983
1830,"El Especial de Alex Fernández, el Especial",2017
1831,The Expanding Universe of Ashley Garcia,2020
1832,Fire with Fire,2012
1833,Forbidden Games: The Justin Fashanu Story,2017
1834,From Japan to Egypt (Yabani Asly),2017
1835,The Girl Allergic to Wi-Fi (Ang Babaeng Allergic sa Wi-Fi),2018
1836,How to Stage a Coup,2017
1837,Ill Behaviour,2017
1838,In My Country,2018
1839,Loaded,2017
1840,Love,2008
1841,Loving You,1995
1842,The Man Who Cried,2000
1843,Million Pound Menu,2018
1844,Mokalik (Mechanic),2019
1845,My Only Mother (Ang tanging Ina),2003
1846,My True Friend (Friends Never Die),2012
1847,Pandigai,2017
1848,Pinky Memsaab,2018
1849,Ricardo Quevedo: Hay gente así,2018
1850,The Right One (Wahed Saheh),2011
1851,Set Off,2008
1852,Shadow,2019
1853,Singapore,1960
1854,Sur: The Melody of Life,2002
1855,Taxi Driver (Taxi Driver: Oko Ashewo),2015
1856,Theeram,2017
1857,There's Something in the Water,2019
1858,This Earth of Mankind (Bumi Manusia),2019
1859,Three Wives One Husband,2018
1860,Tiger,2016
1861,Traffic Signal,2007
1862,You Changed My Life,2009
1863,Dagh Ujala (Un-Freedom),2015
1864,Hope Aur Hum,2018
1865,Naam Shabana,2017
1866,Poster Boys,2017
1867,Power Rangers Super Samurai,2012
1868,Annie,2014
1869,Animas,2018
1870,Black Site Delta,2017
1871,The Last Laugh,2019
1872,Power Rangers: Megaforce: The Robo Before Christmas,2013
1873,Rattlesnake,2019
1874,The Strangers: Prey At Night,2018
1875,Vegas Baby,2016
1876,The Duel,2016
1877,Enough,2002
1878,Chopsticks,2019
1879,The Devil and Father Amorth,2017
1880,Romeo Akbar Walter,2019
1881,Saadey CM Saab,2015
1882,The In-Laws,2011
1883,From Prada to Nada,2011
1884,Paul Blart: Mall Cop,2009
1885,Priest,2011
1886,Tyler Perry's The Single Moms Club,2014
1887,Jeff Foxworthy and Larry the Cable Guy: We've Been Thinking...,2016
1888,A Bad Moms Christmas,2017
1889,A Love Story,2007
1890,A Man Apart,2003
1891,A truthful Mother (Punyakoti),2019
1892,Balu Mahi,2017
1893,Beethoven,1992
1894,Birders,2019
1895,Bollywood Calling,2001
1896,Bride For Rent,2014
1897,Chal Mere Bhai,2000
1898,Chhota Bheem and the Curse of Damyaan,2012
1899,Duran Duran: There's Something You Should Know,2018
1900,Eerie,2019
1901,Eye See You (D-Tox),2002
1902,Feel Rich,2017
1903,Friendship,1980
1904,Gumrah,1993
1905,Hantu Kak Limah,2018
1906,Honey,2003
1907,In the Tall Grass,2019
1908,JFK: The Making of a President,2017
1909,Kalek Shanab,2019
1910,Krutant,2019
1911,Lal Patthar,1971
1912,Last Ferry,2019
1913,Le train d'Hitler - La bête d'acier (Hitler's Steel Beast),2017
1914,Liss Pereira: Reteniendo líquidos,2019
1915,Mala Kahich Problem Nahi,2017
1916,The Mansion (Le Manoir),2017
1917,Marriage Palace,2018
1918,Mau Nieto: Viviendo sobrio… desde el bar,2018
1919,Me and the Alien (El Alien y yo),2016
1920,Menahi,2008
1921,Mike Epps: Don't Take It Personal,2015
1922,Motor Mitraan Di,2016
1923,Muran,2011
1924,Music Teacher,2019
1925,Overdrive,2017
1926,Peace Haven,2016
1927,Point Blank,2019
1928,Ralphie May: Imperfectly Yours,2015
1929,Sardaar ji,2015
1930,Shortcut Safari,2016
1931,Sigaram Thodu,2014
1932,Sommore: The Reign Continues,2015
1933,Special Correspondents,2016
1934,Submergence,2017
1935,The Throwaways,2015
1936,Viswasapoorvam Mansoor,2017
1937,Zed Plus,2014
1938,Zoo,2018
1939,Trick or Treaters,2007
1940,The Glass House,2001
1941,Blackhat,2015
1942,Overboard,2018
1943,Social Animals,2018
1944,Power Rangers Super Samurai: Stuck on Christmas,2012
1945,Annabelle,2014
1946,I Now Pronounce You Chuck and Larry,2007
1947,The Last Witch Hunter,2015
1948,Teenage Mutant Ninja Turtles,2007
1949,47 Meters Down: Uncaged,2019
1950,"As Above, So Below",2014
1951,Garfield Gets Real,2007
1952,The Humanity Bureau,2017
1953,Macho,2016
1954,Death Wish 4: The Crackdown,1987
1955,Spread,2009
1956,Coffee & Kareem,2020
1957,Power Rangers Samurai,2011
1958,Wishmaster,1997
1959,A Week in Watts,2017
1960,Best.Worst.Weekend.Ever.,2018
1961,Bibi and Tina II,2014
1962,Bygones Be Bygones (Olanlar Oldu),2017
1963,Caregiver,2008
1964,Catfight,2016
1965,The Dark Side of Life: Mumbai City,2018
1966,Deadline: Sirf 24 Ghante,2006
1967,Entebbe,2018
1968,Food on the Go (E il cibo va),2017
1969,Fun Mom Dinner,2017
1970,The Gentleman Driver,2018
1971,Guna 369,2019
1972,The Holy Man,2005
1973,The Jack King Affair,2015
1974,Jatts in Golmaal,2013
1975,Liefling,2010
1976,The lynx (Rys),1982
1977,"Martin Matte: La vie, la mort...eh la la..!",2019
1978,Meghnadbodh Rohoshyo,2017
1979,Men Behaving Badly,1998
1980,The Mistress,2012
1981,My Little Pony Equestria Girls: Rollercoaster of Friendship,2018
1982,No Other Woman,2011
1983,Oversize Cops,2017
1984,Pegasus,2019
1985,Shark Busters,2002
1986,Sommore: Chandelier Status,2013
1987,The Spooky Tale of Captain Underpants Hack-a-ween,2019
1988,Stretch Armstrong: The Breakout,2018
1989,W/O Ram,2018
1990,You're My Boss,2015
1991,Zindagi Kitni Haseen Hay,2016
1992,10 to Midnight,1983
1993,The Delta Force,1986
1994,The Hangover: Part III,2013
1995,Jupiter Ascending,2015
1996,Çarsi Pazar,2015
1997,Yunus Emre,2016
1998,Conan the Barbarian,2011
1999,Deep,2017
2000,Gangster Land,2017
2001,The Gunman,2015
2002,Lucky: No Time for Love,2005
2003,May We Chat (Mei Gaau Siu Nui),2014
2004,The Myth,2005
2005,Occupation,2018
2006,Paradise Beach,2019
2007,The Perfect Guy,2015
2008,Robin Hood: The Rebellion,2018
2009,Swearnet Live,2014
2010,TAU,2018
2011,"Thi Mai (Thi Mai, rumbo a Vietnam)",2017
2012,What's Your Raashee?,2009
2013,C Kkompany,2008
2014,Winter's Tale,2014
2015,Kin,2018
2016,The Thousand Faces of Dunjia,2017
2017,Acts of Violence,2018
2018,Joey,1997
2019,Lusers,2015
2020,Species IV: The Awakening,2007
2021,Step Sisters,2017
2022,Two Moon Junction,1988
2023,Zero,2018
2024,Dumb and Dumber To,2014
2025,Swearnet: The Movie,2014
2026,Taken 3,2014
2027,Alibaba Aur 40 Chor,1980
2028,Bathinda Express,2016
2029,Blitz Patrollie,2013
2030,Cuddle Weather,2019
2031,Daniel Sosa: Sosafado,2017
2032,Dragons: Rescue Riders: Hunt for the Golden Dragon,2020
2033,Fittest in Dubai,2019
2034,Inferno,2016
2035,The International Player (El alamy),2009
2036,Jail,2009
2037,John & Jane,2005
2038,King of Peking,2018
2039,Léa & I,2019
2040,Ma Chu Ka,2017
2041,Made in China,2019
2042,The Man Who Would Be Polka King,2009
2043,Mercenary,2016
2044,Miss J Contemplates Her Choice,2014
2045,Mo Gilligan: Momentum,2019
2046,No One Will Ever Know (Nadie sabrá nunca),2017
2047,Pekak,2016
2048,Pizza,2014
2049,The Ridiculous 6,2015
2050,Salaakhen,1975
2051,Simon Amstell: Set Free,2019
2052,"Sonora, The Devil's Highway",2019
2053,The Stand at Paxton County,2020
2054,Temporada de Caza (Hunting Season),2017
2055,"To Each, Her Own",2017
2056,The Trap,2017
2057,Weather forecast (Prognoza pogody),1983
2058,The Wedding Curse (Sukob),2006
2059,Wild Orchid 2 (Two Shades of Blue),1992
2060,Alpha and Omega,2010
2061,Love Happens,2009
2062,Weekender,2011
2063,Baaghi,2016
2064,First Sunday,2008
2065,Harud,2010
2066,Brain on Fire,2016
2067,Fled,1996
2068,The Legacy of a Whitetail Deer Hunter,2018
2069,Mr. Deeds,2002
2070,My Best Friend's Girl,2008
2071,2036 Origin Unknown,2018
2072,23:59,2011
2073,Alvin and the Chipmunks: The Road Chip,2015
2074,Bedeviled,2016
2075,Brampton's Own,2018
2076,Koi Aap Sa,2006
2077,The Little Mermaid,2018
2078,The Little Switzerland (La pequeña Suiza),2019
2079,Maroon,2016
2080,"My Teacher, My Obsession",2018
2081,Otherhood,2019
2082,Red Dawn,2012
2083,The Space Between Us,2016
2084,#Rucker50,2016
2085,Five Nights in Maine,2015
2086,National Security,2003
2087,77 Heartbreaks,2017
2088,Alan Saldaña: Mi vida de pobre,2017
2089,Ali & Alia,2019
2090,The Ant's Scream (Ant Scream),2010
2091,Breaking In,2018
2092,Casino Tycoon (Do sing dai hang san goh chuen kei),1992
2093,Footprints: The Path of Your Life,2015
2094,Freshman Year,2019
2095,Coffee for All,2017
2096,"Crazy, Lovely, Cool",2018
2097,Daffedar,2017
2098,David Batra: Elefanten i rummet,2020
2099,Ek Khiladi Ek Haseena,2005
2100,Extra Gear,2018
2101,Gina Yashere: Skinny B*tch,2008
2102,Hell Fest,2018
2103,Lady Driver,2019
2104,Monopoly (The Bank Of Luck) (Bank El Hazz),2017
2105,My Golden Life,2017
2106,Noblemen,2019
2107,Patria,2019
2108,Sam Kinison: The Scream Continues,2016
2109,Spirit Riding Free: Spirit of Christmas,2019
2110,The Stepford Wives,2004
2111,Tootsies & The Fake,2019
2112,The Wizard,1989
2113,G.O.R.A,2004
2114,3 Ninjas: Kick Back,1994
2115,Caida del Cielo,2016
2116,Despite Everything (A Pesar de Todo),2019
2117,Horror Story,2013
2118,It Takes Two,1995
2119,The Last Summer,2019
2120,Lo más sencillo es complicarlo todo (Como va),2018
2121,Peelers,2016
2122,Power Rangers Samurai: Party Monsters (Halloween Special),2011
2123,Saw: The Final Chapter,2010
2124,Shanghai Fortress,2019
2125,Spymate,2006
2126,Mantostaan,2017
2127,Fool's Gold,2008
2128,Godzilla,1998
2129,Hitman: Agent 47,2015
2130,Elliot the Littlest Reindeer,2018
2131,Horrid Henry: The Movie,2011
2132,Dieter Nuhr: Nuhr in Berlin,2016
2133,The Drowning,2017
2134,Sex Tape,2014
2135,15 August,2019
2136,The Adventures of the American Rabbit,1986
2137,All I See Is You,2016
2138,Anaconda,1997
2139,Azali,2018
2140,Bad Move,2017
2141,Bandie,1978
2142,Break Up 100 (Fun sau 100 chi),2014
2143,The Dealer (El Dealer),2010
2144,Fan of Amoory,2018
2145,Jack Whitehall: Christmas with My Father,2019
2146,Jeff Garlin: Our Man In Chicago,2019
2147,Kavin Jay: Everybody Calm Down!,2018
2148,Kids on the Block (Can Dostlar),2019
2149,Lessons from a School Shooting: Notes from Dunblane,2018
2150,The Light of My Eyes (Nour Einy),2010
2151,Lilli,2018
2152,Nocturne,2018
2153,Phone Swap,2012
2154,Ragini MMS,2011
2155,Sabrina,2018
2156,Sat Sri Akal,2008
2157,Tim Allen: ReWires America,1991
2158,Uncle Naji in UAE,2019
2159,Virsa,2010
2160,Walliams & Friend,2015
2161,Doom,2005
2162,Rumble in Hong Kong,1973
2163,Tomboy (The Assignment),2016
2164,Birthmarked,2018
2165,Daddy's Home 2,2017
2166,Death Wish,2018
2167,Obsessed,2009
2168,Mucize,2015
2169,"¡Ay, mi madre!",2019
2170,Family Blood,2018
2171,Ghost Stories,2020
2172,The Perfect Man,2005
2173,Saaho,2019
2174,Seventh Son,2014
2175,La última Fiesta,2016
2176,The Week Of,2018
2177,The Adventures of Sharkboy & Lavagirl,2005
2178,A StoryBots Christmas,2017
2179,Adrishya,2017
2180,Bioscope,2015
2181,The Bridge,2017
2182,The End,2019
2183,Fatso,2012
2184,High End Yaariyan,2019
2185,Jaal,1986
2186,Lembi 8 Giga,2010
2187,Phir Se,2015
2188,Prince Charming (Ching wa wong ji),1984
2189,The Promise,2008
2190,The Pursuit,2019
2191,Queen Sono,2020
2192,Rajma Chawal,2018
2193,Running with the Devil,2019
2194,Singapore Social,2019
2195,Singh Saab the Great,2013
2196,Sisterakas,2012
2197,Super Monsters Furever Friends,2019
2198,Tum Milo Toh Sahi,2010
2199,Yaara O Dildaara,2011
2200,Amy Schumer: The Leather Special,2017
2201,Aiyaary,2018
2202,Ready,2011
2203,Winter of Our Dreams,1981
2204,Dirty Grandpa,2016
2205,5 Star Christmas (Natale a 5 Stelle),2018
2206,Bad Santa 2,2016
2207,Bleeding Steel,2017
2208,Blind,2016
2209,Deadly Scholars (#SquadGoals),2018
2210,Norm of the North: Keys to the Kingdom,2019
2211,Sandy Wexler,2017
2212,Fitoor,2016
2213,Kath & Kimderella,2012
2214,Secret Obsession,2019
2215,Simply Actors,2007
2216,The Accidental Husband,2008
2217,Aakhri Adaalat,1988
2218,Always a Bridesmaid,2019
2219,Because of Soccer (Gara-Gara Bola),2008
2220,Before the Summer Crowds,2016
2221,Damo & Ivor: The Movie,2018
2222,Faraar,2015
2223,Holy Man 2 (Luang phii theng 2),2008
2224,Love You... Love You Not,2015
2225,Mahjong Heroes,1981
2226,Maya Memsaab,1992
2227,Muqaddar ka Faisla,1987
2228,My Friend Pinto,2011
2229,Natalia Valdebenito: El especial,2018
2230,"Out of Many, One",2018
2231,Robin Hood,2018
2232,Sardaarji 2,2016
2233,Savage Raghda (Raghda Motawahesha),2018
2234,The Thief and the Imbecile (El-Harami wa el-Abit),2013
2235,Veerappan,2016
2236,Verses of Love 2 (Ayat-Ayat Cinta 2),2017
2237,Yes or No 2.5,2015
2238,Yoo Byung Jae: Too Much Information,2018
2239,A Few Less Men,2017
2240,The Land of Cards,2012
2241,Ouija,2014
2242,The Darkest Dawn,2016
2243,Swiped,2018
2244,House Arrest,2019
2245,Santa Claws,2014
2246,A Russell Peters Christmas,2011
2247,7 (Seven),2019
2248,Adel Karam: Live from Beirut,2018
2249,All About Love,2017
2250,Awaken the Shadowman,2017
2251,The Boy Next Door,2015
2252,#cats_the_mewvie,2020
2253,Conjuring Spirit (Chung Cu Ma),2014
2254,Jugaad,2017
2255,Khoon Khoon,1973
2256,Lang Tong,2015
2257,Love.com,2017
2258,Manu NNa Speciale,2017
2259,Mr. Chandramouli,2018
2260,Mr. Virgin (Sam sap chue lam),1984
2261,Mumbai Matinee,2003
2262,My Horrible Grandma (Taitah Rahibah),2012
2263,Never Heard,2018
2264,Next Enti?,2018
2265,Outlawed,2018
2266,Revenge of the Pontianak,2019
2267,Sat Shri Akaal England,2017
2268,Teshan,2016
2269,Watchman,2019
2270,Why Knot,2016
2271,First Kill,2017
2272,How It Ends,2018
2273,Malaal,2019
2274,Romeo Ranjha,2014
2275,Drive,2019
2276,Extinction,2018
2277,Mark of the Devil (La Marca del Demonio),2020
2278,Tezz,2012
2279,The Flintstones in Viva Rock Vegas,2000
2280,Norbit,2007
2281,Speed Kills,2018
2282,Viking Destiny,2018
2283,Aagey Se Right,2009
2284,Amar Akbar & Tony,2015
2285,Darra,2016
2286,Degrees of Fear (Her Worst Nightmare),2018
2287,Firebrand,2019
2288,Hellboy,2019
2289,Kaake Da Viyah,2019
2290,Mantra,2017
2291,The Midas Touch,2013
2292,Oh My Ghost 2 (Hor taew tak 3),2011
2293,Paranormal Investigation,2018
2294,Pooja Kiven Aa,2013
2295,S Storm (S Fung Baou),2016
2296,Schubert In Love,2016
2297,Shabd,2005
2298,We Are Legends,2019
2299,What the Jatt!!,2015
2300,Wind Blast,2010
2301,All the Devil's Men,2018
2302,The Cold Light Of Day,2012
2303,Fifty Shades Freed,2018
2304,Hungerford,2014
2305,Realms,2017
2306,Soldiers of Fortune,2012
2307,SPF-18,2017
2308,The Titan,2018
2309,Welcome Home,2018
2310,Innocence,2013
2311,The Dukes of Hazzard,2005
2312,Bratz: The Movie,2007
2313,The Pyramid,2014
2314,All of You,2017
2315,Babamın Ceketi,2018
2316,The Brave,2019
2317,The Mystery of Michelle (Long Lost Daughter),2018
2318,Sarvopari Palakkaran,2017
2319,Spookley the Square Pumpkin,2004
2320,Still LAUGH-IN: The Stars Celebrate,2019
2321,Thriller,2018
2322,Warsaw by Night,2015
2323,Yanik Koza,2005
2324,Coffee with D,2017
2325,The Bye Bye Man,2017
2326,Geostorm,2017
2327,A Flying Jatt,2016
2328,Main aurr Mrs. Khanna,2009
2329,Unfinished Business,2015
2330,Alejandro Riaño: Especial de stand up,2018
2331,Ascharyachakit! (Ascharya F**k It ),2018
2332,Beauty and the Bestie,2015
2333,Chief Daddy,2018
2334,Follow Me,2017
2335,Jani Dueñas: Grandes fracasos de ayer y hoy,2018
2336,Manmadhudu 2,2019
2337,Pretville,2012
2338,When Love Happens,2014
2339,Cook Off,2017
2340,London Fields,2018
2341,Whatever It Takes,2000
2342,The Zoya Factor,2019
2343,Barney's Great Adventure: The Movie,1998
2344,Kucch To Hai,2003
2345,The Accidental Spy,2017
2346,Albert Pinto Ko Gussa Kyun Aata Hai?,2019
2347,The Apartment,2014
2348,The Clapper,2017
2349,The Collapsed,2011
2350,Dr. Seuss' The Cat in the Hat,2003
2351,For Keeps,1988
2352,Gbomo Gbomo Express,2015
2353,Ghost Patrol,2016
2354,The Last Whistle,2019
2355,Oh My Ghost 4 (Hor taew tak 4),2015
2356,Si saben cómo me pongo ¿pá qué me invitan?,2018
2357,Speed Is My Need,2019
2358,Thunderbirds,2004
2359,Hangman,2017
2360,I Am Happiness On Earth,2014
2361,The Bombing (Air Strike),2018
2362,Hush,1998
2363,Replicas,2018
2364,Show Dogs,2018
2365,Are We Done Yet?,2018
2366,Chicken Kokkachi,2017
2367,Die Ontwaking,2015
2368,English Babu Desi Mem,1996
2369,I Love You (Jag älskar dig - En skilsmässokomedi),2016
2370,Kanika,2017
2371,Mea Culpa,2017
2372,Mike Epps: Only One Mike,2019
2373,Paradise Lost,2018
2374,The Player (Ghesh Al Zawgeyya),2012
2375,Rakkhosh,2019
2376,Shimla Mirchi,2020
2377,Slow Country,2017
2378,What a Wonderful Family!,2017
2379,Bangistan,2015
2380,Sextuplets,2019
2381,Jonah Hex,2010
2382,Enter the Anime,2019
2383,Mater,2017
2384,Ms. Mammy (El-Anesah Mami),2012
2385,Tamanchey,2014
2386,The Unborn Child (Sop Dek 2002),2011
2387,World Famous Lover,2020
2388,Between Worlds,2018
2389,Far North,1988
2390,The Black Room,2016
2391,The Detained (Deadly Detention),2017
2392,Hisss,2010
2393,Save Me,1994
2394,Destination Forks: The Real World of Twilight,2010
2395,Fakkah Fuzz: Almost Banned,2018
2396,Genius,2018
2397,Harith Iskander: I Told You So,2018
2398,KL Zombi,2013
2399,Ladies Up,2019
2400,The Legend of Michael Mishra,2016
2401,Meridian,2016
2402,Pup Star: Better 2Gether,2017
2403,Regatta,2015
2404,Rivaaz,2011
2405,Sameer Abu Alneel (Samir Abu el-Nil),2013
2406,The Super Parental Guardians,2016
2407,Used Goods (Bikya),2018
2408,The Wedding Party 2: Destination Dubai,2017
2409,Yaar Gaddar,1994
2410,Jeepers Creepers 3,2017
2411,Kill Switch,2017
2412,Paranormal: White Noise (The Sound),2017
2413,Thackeray,2019
2414,Siberia,2018
2415,100% Hotter,2017
2416,The Beach Loafer (Saye Bahr),2004
2417,The Black Prince,2017
2418,Bombairiya,2018
2419,Chal Bhaag,2014
2420,Dark Chocolate,2016
2421,Dolphin Kick,2019
2422,First Kiss,2018
2423,Fred: The Movie,2010
2424,Love Dot Com: The Social Experiment,2019
2425,Okafor's Law,2016
2426,The Only Mother To You All (Ang tanging ina n'yong lahat),2008
2427,Settai,2013
2428,Tattah,2013
2429,RoboCop 3,1993
2430,Aditi Mittal: Things They Wouldn't Let Me Say,2017
2431,Contract,2008
2432,EMI: Liya Hai To Chukana Padega,2008
2433,Feo pero sabroso,2018
2434,Holy Expectations (Embarazada por obra y gracia),2019
2435,The Outsider,2017
2436,Ludo,2015
2437,Left Behind,2014
2438,Day of the Dead: Bloodline,2018
2439,Antar: Son of Shadad (Antar Ibn Ibn Ibn Shaddad),2017
2440,Hajwala 2: Mysterious Mission,2018
2441,Fear Dot Com (FeardotCom),2002
2442,Cappuccino,2017
2443,Game Over,2012
2444,Let's Dance,2006
2445,Pup Star: World Tour,2018
2446,Raees,2017
2447,Ugly Aur Pagli,2008
2448,Yeh Hai Bakrapur,2014
2449,Paradox,2018
2450,Arango y Sanint: Ríase el show,2018
2451,Husbands in Goa,2012
2452,Omar and Salma 3,2012
2453,Phamous,2018
2454,Prom Night,2008
2455,Rise of the Zombie,2013
2456,Rumble,2016
2457,The Open House,2018
2458,Nothing to Lose 2,2019
2459,The Women Who Kill Lions,2016
2460,Leo the Lion,2013
2461,The App,2019
2462,Attitude Test (Prueba de Actitud),2016
2463,The Intent 2: The Come Up,2018
2464,Jai Mummy Di,2020
2465,Lion's Heart (Qalb el-Asad),2013
2466,Salem: His Sister's Father (Salem Abu Ukhtuh),2014
2467,Kyaa Kool Hain Hum 3,2016
2468,Backfire,2019
2469,La Pena Maxima,2018
2470,Mindhack (Mad Genius),2017
2471,Mission Istaanbul: Darr Ke Aagey Jeet Hai,2008
2472,Puppy Star Christmas,2018
2473,Roh's Beauty (Rouh's Beauty),2014
2474,Tatu,2017
2475,Train of the Dead (Chum thaang rot fai phii),2007
2476,90 ML,2019
2477,The Bros,2017
2478,Fall Girls,2019
2479,Garbage,2018
2480,Karkar,2007
2481,Himmatwala,2013
2482,Alarmoty in the Land of Fire,2017
2483,Nasha,2013
2484,Tees Maar Khan,2010
2485,The Haunting of Sharon Tate,2019
2486,"It's Okay, Buddy (Aman Ya Sahbi)",2017
2487,A Scandall,2016
2488,Abdo Mota (Abdu Mouta),2012
2489,Romina,2018
2490,What the Love! with Karan Johar,2020
2491,Beiimaan Love,2016
2492,Bir Baba Hindu,2016
2493,My Sleeping Lover (Habibi Na'eman),2008
2494,White Boy,2017
2495,30 Days of Luxury (Talatin Yom fi el-Izz),2016
2496,Agyaat,2009
2497,Kajraare,2010
2498,Veerey Ki Wedding,2018
2499,Recall,2018
2500,Trip To Bhangarh: Asia's Most Haunted Place,2014
